"ITTER107"|"Territorio"|"TIPO_DATO15"|"Tipo di indicatore demografico"|"SEXISTAT1"|"Sesso"|"ETA1"|"Età"|"STATCIV2"|"Stato civile"|"TIME"|"Seleziona periodo"|"Value"|"Flag Codes"|"Flags"
"IT"|"Italia"|"JAN"|"popolazione al 1º gennaio"|"1"|"maschi"|"TOTAL"|"totale"|"99"|"totale"|"2019"|"2019"|29384766|"p"|"dato provvisorio"
"IT"|"Italia"|"JAN"|"popolazione al 1º gennaio"|"2"|"femmine"|"TOTAL"|"totale"|"99"|"totale"|"2019"|"2019"|30974780|"p"|"dato provvisorio"
"IT"|"Italia"|"JAN"|"popolazione al 1º gennaio"|"9"|"totale"|"TOTAL"|"totale"|"99"|"totale"|"2019"|"2019"|60359546|"p"|"dato provvisorio"
"ITC"|"Nord-ovest"|"JAN"|"popolazione al 1º gennaio"|"1"|"maschi"|"TOTAL"|"totale"|"99"|"totale"|"2019"|"2019"|7842713|"p"|"dato provvisorio"
"ITC"|"Nord-ovest"|"JAN"|"popolazione al 1º gennaio"|"2"|"femmine"|"TOTAL"|"totale"|"99"|"totale"|"2019"|"2019"|8250573|"p"|"dato provvisorio"
"ITC"|"Nord-ovest"|"JAN"|"popolazione al 1º gennaio"|"9"|"totale"|"TOTAL"|"totale"|"99"|"totale"|"2019"|"2019"|16093286|"p"|"dato provvisorio"
"ITC1"|"Piemonte"|"JAN"|"popolazione al 1º gennaio"|"1"|"maschi"|"TOTAL"|"totale"|"99"|"totale"|"2019"|"2019"|2115079|"p"|"dato provvisorio"
"ITC1"|"Piemonte"|"JAN"|"popolazione al 1º gennaio"|"2"|"femmine"|"TOTAL"|"totale"|"99"|"totale"|"2019"|"2019"|2241327|"p"|"dato provvisorio"
"ITC1"|"Piemonte"|"JAN"|"popolazione al 1º gennaio"|"9"|"totale"|"TOTAL"|"totale"|"99"|"totale"|"2019"|"2019"|4356406|"p"|"dato provvisorio"
"ITC11"|"Torino"|"JAN"|"popolazione al 1º gennaio"|"1"|"maschi"|"TOTAL"|"totale"|"99"|"totale"|"2019"|"2019"|1092504|"p"|"dato provvisorio"
"ITC11"|"Torino"|"JAN"|"popolazione al 1º gennaio"|"2"|"femmine"|"TOTAL"|"totale"|"99"|"totale"|"2019"|"2019"|1167019|"p"|"dato provvisorio"
"ITC11"|"Torino"|"JAN"|"popolazione al 1º gennaio"|"9"|"totale"|"TOTAL"|"totale"|"99"|"totale"|"2019"|"2019"|2259523|"p"|"dato provvisorio"
"ITC12"|"Vercelli"|"JAN"|"popolazione al 1º gennaio"|"1"|"maschi"|"TOTAL"|"totale"|"99"|"totale"|"2019"|"2019"|82848|"p"|"dato provvisorio"
"ITC12"|"Vercelli"|"JAN"|"popolazione al 1º gennaio"|"2"|"femmine"|"TOTAL"|"totale"|"99"|"totale"|"2019"|"2019"|88063|"p"|"dato provvisorio"
"ITC12"|"Vercelli"|"JAN"|"popolazione al 1º gennaio"|"9"|"totale"|"TOTAL"|"totale"|"99"|"totale"|"2019"|"2019"|170911|"p"|"dato provvisorio"
"ITC13"|"Biella"|"JAN"|"popolazione al 1º gennaio"|"1"|"maschi"|"TOTAL"|"totale"|"99"|"totale"|"2019"|"2019"|84297|"p"|"dato provvisorio"
"ITC13"|"Biella"|"JAN"|"popolazione al 1º gennaio"|"2"|"femmine"|"TOTAL"|"totale"|"99"|"totale"|"2019"|"2019"|91288|"p"|"dato provvisorio"
"ITC13"|"Biella"|"JAN"|"popolazione al 1º gennaio"|"9"|"totale"|"TOTAL"|"totale"|"99"|"totale"|"2019"|"2019"|175585|"p"|"dato provvisorio"
"ITC14"|"Verbano-Cusio-Ossola"|"JAN"|"popolazione al 1º gennaio"|"1"|"maschi"|"TOTAL"|"totale"|"99"|"totale"|"2019"|"2019"|76820|"p"|"dato provvisorio"
"ITC14"|"Verbano-Cusio-Ossola"|"JAN"|"popolazione al 1º gennaio"|"2"|"femmine"|"TOTAL"|"totale"|"99"|"totale"|"2019"|"2019"|81529|"p"|"dato provvisorio"
"ITC14"|"Verbano-Cusio-Ossola"|"JAN"|"popolazione al 1º gennaio"|"9"|"totale"|"TOTAL"|"totale"|"99"|"totale"|"2019"|"2019"|158349|"p"|"dato provvisorio"
"ITC15"|"Novara"|"JAN"|"popolazione al 1º gennaio"|"1"|"maschi"|"TOTAL"|"totale"|"99"|"totale"|"2019"|"2019"|179588|"p"|"dato provvisorio"
"ITC15"|"Novara"|"JAN"|"popolazione al 1º gennaio"|"2"|"femmine"|"TOTAL"|"totale"|"99"|"totale"|"2019"|"2019"|189430|"p"|"dato provvisorio"
"ITC15"|"Novara"|"JAN"|"popolazione al 1º gennaio"|"9"|"totale"|"TOTAL"|"totale"|"99"|"totale"|"2019"|"2019"|369018|"p"|"dato provvisorio"
"ITC16"|"Cuneo"|"JAN"|"popolazione al 1º gennaio"|"1"|"maschi"|"TOTAL"|"totale"|"99"|"totale"|"2019"|"2019"|289459|"p"|"dato provvisorio"
"ITC16"|"Cuneo"|"JAN"|"popolazione al 1º gennaio"|"2"|"femmine"|"TOTAL"|"totale"|"99"|"totale"|"2019"|"2019"|297639|"p"|"dato provvisorio"
"ITC16"|"Cuneo"|"JAN"|"popolazione al 1º gennaio"|"9"|"totale"|"TOTAL"|"totale"|"99"|"totale"|"2019"|"2019"|587098|"p"|"dato provvisorio"
"ITC17"|"Asti"|"JAN"|"popolazione al 1º gennaio"|"1"|"maschi"|"TOTAL"|"totale"|"99"|"totale"|"2019"|"2019"|105011|"p"|"dato provvisorio"
"ITC17"|"Asti"|"JAN"|"popolazione al 1º gennaio"|"2"|"femmine"|"TOTAL"|"totale"|"99"|"totale"|"2019"|"2019"|109627|"p"|"dato provvisorio"
"ITC17"|"Asti"|"JAN"|"popolazione al 1º gennaio"|"9"|"totale"|"TOTAL"|"totale"|"99"|"totale"|"2019"|"2019"|214638|"p"|"dato provvisorio"
"ITC18"|"Alessandria"|"JAN"|"popolazione al 1º gennaio"|"1"|"maschi"|"TOTAL"|"totale"|"99"|"totale"|"2019"|"2019"|204552|"p"|"dato provvisorio"
"ITC18"|"Alessandria"|"JAN"|"popolazione al 1º gennaio"|"2"|"femmine"|"TOTAL"|"totale"|"99"|"totale"|"2019"|"2019"|216732|"p"|"dato provvisorio"
"ITC18"|"Alessandria"|"JAN"|"popolazione al 1º gennaio"|"9"|"totale"|"TOTAL"|"totale"|"99"|"totale"|"2019"|"2019"|421284|"p"|"dato provvisorio"
"ITC2"|"Valle d'Aosta / Vallée d'Aoste"|"JAN"|"popolazione al 1º gennaio"|"1"|"maschi"|"TOTAL"|"totale"|"99"|"totale"|"2019"|"2019"|61423|"p"|"dato provvisorio"
"ITC2"|"Valle d'Aosta / Vallée d'Aoste"|"JAN"|"popolazione al 1º gennaio"|"2"|"femmine"|"TOTAL"|"totale"|"99"|"totale"|"2019"|"2019"|64243|"p"|"dato provvisorio"
"ITC2"|"Valle d'Aosta / Vallée d'Aoste"|"JAN"|"popolazione al 1º gennaio"|"9"|"totale"|"TOTAL"|"totale"|"99"|"totale"|"2019"|"2019"|125666|"p"|"dato provvisorio"
"ITC20"|"Valle d'Aosta / Vallée d'Aoste"|"JAN"|"popolazione al 1º gennaio"|"1"|"maschi"|"TOTAL"|"totale"|"99"|"totale"|"2019"|"2019"|61423|"p"|"dato provvisorio"
"ITC20"|"Valle d'Aosta / Vallée d'Aoste"|"JAN"|"popolazione al 1º gennaio"|"2"|"femmine"|"TOTAL"|"totale"|"99"|"totale"|"2019"|"2019"|64243|"p"|"dato provvisorio"
"ITC20"|"Valle d'Aosta / Vallée d'Aoste"|"JAN"|"popolazione al 1º gennaio"|"9"|"totale"|"TOTAL"|"totale"|"99"|"totale"|"2019"|"2019"|125666|"p"|"dato provvisorio"
"ITC3"|"Liguria"|"JAN"|"popolazione al 1º gennaio"|"1"|"maschi"|"TOTAL"|"totale"|"99"|"totale"|"2019"|"2019"|741760|"p"|"dato provvisorio"
"ITC3"|"Liguria"|"JAN"|"popolazione al 1º gennaio"|"2"|"femmine"|"TOTAL"|"totale"|"99"|"totale"|"2019"|"2019"|808880|"p"|"dato provvisorio"
"ITC3"|"Liguria"|"JAN"|"popolazione al 1º gennaio"|"9"|"totale"|"TOTAL"|"totale"|"99"|"totale"|"2019"|"2019"|1550640|"p"|"dato provvisorio"
"ITC31"|"Imperia"|"JAN"|"popolazione al 1º gennaio"|"1"|"maschi"|"TOTAL"|"totale"|"99"|"totale"|"2019"|"2019"|103075|"p"|"dato provvisorio"
"ITC31"|"Imperia"|"JAN"|"popolazione al 1º gennaio"|"2"|"femmine"|"TOTAL"|"totale"|"99"|"totale"|"2019"|"2019"|110765|"p"|"dato provvisorio"
"ITC31"|"Imperia"|"JAN"|"popolazione al 1º gennaio"|"9"|"totale"|"TOTAL"|"totale"|"99"|"totale"|"2019"|"2019"|213840|"p"|"dato provvisorio"
"ITC32"|"Savona"|"JAN"|"popolazione al 1º gennaio"|"1"|"maschi"|"TOTAL"|"totale"|"99"|"totale"|"2019"|"2019"|132401|"p"|"dato provvisorio"
"ITC32"|"Savona"|"JAN"|"popolazione al 1º gennaio"|"2"|"femmine"|"TOTAL"|"totale"|"99"|"totale"|"2019"|"2019"|143663|"p"|"dato provvisorio"
"ITC32"|"Savona"|"JAN"|"popolazione al 1º gennaio"|"9"|"totale"|"TOTAL"|"totale"|"99"|"totale"|"2019"|"2019"|276064|"p"|"dato provvisorio"
"ITC33"|"Genova"|"JAN"|"popolazione al 1º gennaio"|"1"|"maschi"|"TOTAL"|"totale"|"99"|"totale"|"2019"|"2019"|400324|"p"|"dato provvisorio"
"ITC33"|"Genova"|"JAN"|"popolazione al 1º gennaio"|"2"|"femmine"|"TOTAL"|"totale"|"99"|"totale"|"2019"|"2019"|440856|"p"|"dato provvisorio"
"ITC33"|"Genova"|"JAN"|"popolazione al 1º gennaio"|"9"|"totale"|"TOTAL"|"totale"|"99"|"totale"|"2019"|"2019"|841180|"p"|"dato provvisorio"
"ITC34"|"La Spezia"|"JAN"|"popolazione al 1º gennaio"|"1"|"maschi"|"TOTAL"|"totale"|"99"|"totale"|"2019"|"2019"|105960|"p"|"dato provvisorio"
"ITC34"|"La Spezia"|"JAN"|"popolazione al 1º gennaio"|"2"|"femmine"|"TOTAL"|"totale"|"99"|"totale"|"2019"|"2019"|113596|"p"|"dato provvisorio"
"ITC34"|"La Spezia"|"JAN"|"popolazione al 1º gennaio"|"9"|"totale"|"TOTAL"|"totale"|"99"|"totale"|"2019"|"2019"|219556|"p"|"dato provvisorio"
"ITC4"|"Lombardia"|"JAN"|"popolazione al 1º gennaio"|"1"|"maschi"|"TOTAL"|"totale"|"99"|"totale"|"2019"|"2019"|4924451|"p"|"dato provvisorio"
"ITC4"|"Lombardia"|"JAN"|"popolazione al 1º gennaio"|"2"|"femmine"|"TOTAL"|"totale"|"99"|"totale"|"2019"|"2019"|5136123|"p"|"dato provvisorio"
"ITC4"|"Lombardia"|"JAN"|"popolazione al 1º gennaio"|"9"|"totale"|"TOTAL"|"totale"|"99"|"totale"|"2019"|"2019"|10060574|"p"|"dato provvisorio"
"ITC41"|"Varese"|"JAN"|"popolazione al 1º gennaio"|"1"|"maschi"|"TOTAL"|"totale"|"99"|"totale"|"2019"|"2019"|433730|"p"|"dato provvisorio"
"ITC41"|"Varese"|"JAN"|"popolazione al 1º gennaio"|"2"|"femmine"|"TOTAL"|"totale"|"99"|"totale"|"2019"|"2019"|457038|"p"|"dato provvisorio"
"ITC41"|"Varese"|"JAN"|"popolazione al 1º gennaio"|"9"|"totale"|"TOTAL"|"totale"|"99"|"totale"|"2019"|"2019"|890768|"p"|"dato provvisorio"
"ITC42"|"Como"|"JAN"|"popolazione al 1º gennaio"|"1"|"maschi"|"TOTAL"|"totale"|"99"|"totale"|"2019"|"2019"|293884|"p"|"dato provvisorio"
"ITC42"|"Como"|"JAN"|"popolazione al 1º gennaio"|"2"|"femmine"|"TOTAL"|"totale"|"99"|"totale"|"2019"|"2019"|305320|"p"|"dato provvisorio"
"ITC42"|"Como"|"JAN"|"popolazione al 1º gennaio"|"9"|"totale"|"TOTAL"|"totale"|"99"|"totale"|"2019"|"2019"|599204|"p"|"dato provvisorio"
"ITC43"|"Lecco"|"JAN"|"popolazione al 1º gennaio"|"1"|"maschi"|"TOTAL"|"totale"|"99"|"totale"|"2019"|"2019"|166367|"p"|"dato provvisorio"
"ITC43"|"Lecco"|"JAN"|"popolazione al 1º gennaio"|"2"|"femmine"|"TOTAL"|"totale"|"99"|"totale"|"2019"|"2019"|171013|"p"|"dato provvisorio"
"ITC43"|"Lecco"|"JAN"|"popolazione al 1º gennaio"|"9"|"totale"|"TOTAL"|"totale"|"99"|"totale"|"2019"|"2019"|337380|"p"|"dato provvisorio"
"ITC44"|"Sondrio"|"JAN"|"popolazione al 1º gennaio"|"1"|"maschi"|"TOTAL"|"totale"|"99"|"totale"|"2019"|"2019"|88868|"p"|"dato provvisorio"
"ITC44"|"Sondrio"|"JAN"|"popolazione al 1º gennaio"|"2"|"femmine"|"TOTAL"|"totale"|"99"|"totale"|"2019"|"2019"|92227|"p"|"dato provvisorio"
"ITC44"|"Sondrio"|"JAN"|"popolazione al 1º gennaio"|"9"|"totale"|"TOTAL"|"totale"|"99"|"totale"|"2019"|"2019"|181095|"p"|"dato provvisorio"
"ITC45"|"Milano"|"JAN"|"popolazione al 1º gennaio"|"1"|"maschi"|"TOTAL"|"totale"|"99"|"totale"|"2019"|"2019"|1576316|"p"|"dato provvisorio"
"ITC45"|"Milano"|"JAN"|"popolazione al 1º gennaio"|"2"|"femmine"|"TOTAL"|"totale"|"99"|"totale"|"2019"|"2019"|1673999|"p"|"dato provvisorio"
"ITC45"|"Milano"|"JAN"|"popolazione al 1º gennaio"|"9"|"totale"|"TOTAL"|"totale"|"99"|"totale"|"2019"|"2019"|3250315|"p"|"dato provvisorio"
"ITC46"|"Bergamo"|"JAN"|"popolazione al 1º gennaio"|"1"|"maschi"|"TOTAL"|"totale"|"99"|"totale"|"2019"|"2019"|552870|"p"|"dato provvisorio"
"ITC46"|"Bergamo"|"JAN"|"popolazione al 1º gennaio"|"2"|"femmine"|"TOTAL"|"totale"|"99"|"totale"|"2019"|"2019"|561720|"p"|"dato provvisorio"
"ITC46"|"Bergamo"|"JAN"|"popolazione al 1º gennaio"|"9"|"totale"|"TOTAL"|"totale"|"99"|"totale"|"2019"|"2019"|1114590|"p"|"dato provvisorio"
"ITC47"|"Brescia"|"JAN"|"popolazione al 1º gennaio"|"1"|"maschi"|"TOTAL"|"totale"|"99"|"totale"|"2019"|"2019"|624201|"p"|"dato provvisorio"
"ITC47"|"Brescia"|"JAN"|"popolazione al 1º gennaio"|"2"|"femmine"|"TOTAL"|"totale"|"99"|"totale"|"2019"|"2019"|641753|"p"|"dato provvisorio"
"ITC47"|"Brescia"|"JAN"|"popolazione al 1º gennaio"|"9"|"totale"|"TOTAL"|"totale"|"99"|"totale"|"2019"|"2019"|1265954|"p"|"dato provvisorio"
"ITC48"|"Pavia"|"JAN"|"popolazione al 1º gennaio"|"1"|"maschi"|"TOTAL"|"totale"|"99"|"totale"|"2019"|"2019"|266741|"p"|"dato provvisorio"
"ITC48"|"Pavia"|"JAN"|"popolazione al 1º gennaio"|"2"|"femmine"|"TOTAL"|"totale"|"99"|"totale"|"2019"|"2019"|279147|"p"|"dato provvisorio"
"ITC48"|"Pavia"|"JAN"|"popolazione al 1º gennaio"|"9"|"totale"|"TOTAL"|"totale"|"99"|"totale"|"2019"|"2019"|545888|"p"|"dato provvisorio"
"ITC49"|"Lodi"|"JAN"|"popolazione al 1º gennaio"|"1"|"maschi"|"TOTAL"|"totale"|"99"|"totale"|"2019"|"2019"|113663|"p"|"dato provvisorio"
"ITC49"|"Lodi"|"JAN"|"popolazione al 1º gennaio"|"2"|"femmine"|"TOTAL"|"totale"|"99"|"totale"|"2019"|"2019"|116535|"p"|"dato provvisorio"
"ITC49"|"Lodi"|"JAN"|"popolazione al 1º gennaio"|"9"|"totale"|"TOTAL"|"totale"|"99"|"totale"|"2019"|"2019"|230198|"p"|"dato provvisorio"
"ITC4A"|"Cremona"|"JAN"|"popolazione al 1º gennaio"|"1"|"maschi"|"TOTAL"|"totale"|"99"|"totale"|"2019"|"2019"|176880|"p"|"dato provvisorio"
"ITC4A"|"Cremona"|"JAN"|"popolazione al 1º gennaio"|"2"|"femmine"|"TOTAL"|"totale"|"99"|"totale"|"2019"|"2019"|182075|"p"|"dato provvisorio"
"ITC4A"|"Cremona"|"JAN"|"popolazione al 1º gennaio"|"9"|"totale"|"TOTAL"|"totale"|"99"|"totale"|"2019"|"2019"|358955|"p"|"dato provvisorio"
"ITC4B"|"Mantova"|"JAN"|"popolazione al 1º gennaio"|"1"|"maschi"|"TOTAL"|"totale"|"99"|"totale"|"2019"|"2019"|202666|"p"|"dato provvisorio"
"ITC4B"|"Mantova"|"JAN"|"popolazione al 1º gennaio"|"2"|"femmine"|"TOTAL"|"totale"|"99"|"totale"|"2019"|"2019"|209626|"p"|"dato provvisorio"
"ITC4B"|"Mantova"|"JAN"|"popolazione al 1º gennaio"|"9"|"totale"|"TOTAL"|"totale"|"99"|"totale"|"2019"|"2019"|412292|"p"|"dato provvisorio"
"ITD"|"Nord-est"|"JAN"|"popolazione al 1º gennaio"|"1"|"maschi"|"TOTAL"|"totale"|"99"|"totale"|"2019"|"2019"|5687330|"p"|"dato provvisorio"
"ITD"|"Nord-est"|"JAN"|"popolazione al 1º gennaio"|"2"|"femmine"|"TOTAL"|"totale"|"99"|"totale"|"2019"|"2019"|5965497|"p"|"dato provvisorio"
"ITD"|"Nord-est"|"JAN"|"popolazione al 1º gennaio"|"9"|"totale"|"TOTAL"|"totale"|"99"|"totale"|"2019"|"2019"|11652827|"p"|"dato provvisorio"
"ITDA"|"Trentino Alto Adige / Südtirol"|"JAN"|"popolazione al 1º gennaio"|"1"|"maschi"|"TOTAL"|"totale"|"99"|"totale"|"2019"|"2019"|528210|"p"|"dato provvisorio"
"ITDA"|"Trentino Alto Adige / Südtirol"|"JAN"|"popolazione al 1º gennaio"|"2"|"femmine"|"TOTAL"|"totale"|"99"|"totale"|"2019"|"2019"|544066|"p"|"dato provvisorio"
"ITDA"|"Trentino Alto Adige / Südtirol"|"JAN"|"popolazione al 1º gennaio"|"9"|"totale"|"TOTAL"|"totale"|"99"|"totale"|"2019"|"2019"|1072276|"p"|"dato provvisorio"
"ITD1"|"Provincia Autonoma Bolzano / Bozen"|"JAN"|"popolazione al 1º gennaio"|"1"|"maschi"|"TOTAL"|"totale"|"99"|"totale"|"2019"|"2019"|262713|"p"|"dato provvisorio"
"ITD1"|"Provincia Autonoma Bolzano / Bozen"|"JAN"|"popolazione al 1º gennaio"|"2"|"femmine"|"TOTAL"|"totale"|"99"|"totale"|"2019"|"2019"|268465|"p"|"dato provvisorio"
"ITD1"|"Provincia Autonoma Bolzano / Bozen"|"JAN"|"popolazione al 1º gennaio"|"9"|"totale"|"TOTAL"|"totale"|"99"|"totale"|"2019"|"2019"|531178|"p"|"dato provvisorio"
"ITD10"|"Bolzano / Bozen"|"JAN"|"popolazione al 1º gennaio"|"1"|"maschi"|"TOTAL"|"totale"|"99"|"totale"|"2019"|"2019"|262713|"p"|"dato provvisorio"
"ITD10"|"Bolzano / Bozen"|"JAN"|"popolazione al 1º gennaio"|"2"|"femmine"|"TOTAL"|"totale"|"99"|"totale"|"2019"|"2019"|268465|"p"|"dato provvisorio"
"ITD10"|"Bolzano / Bozen"|"JAN"|"popolazione al 1º gennaio"|"9"|"totale"|"TOTAL"|"totale"|"99"|"totale"|"2019"|"2019"|531178|"p"|"dato provvisorio"
"ITD2"|"Provincia Autonoma Trento"|"JAN"|"popolazione al 1º gennaio"|"1"|"maschi"|"TOTAL"|"totale"|"99"|"totale"|"2019"|"2019"|265497|"p"|"dato provvisorio"
"ITD2"|"Provincia Autonoma Trento"|"JAN"|"popolazione al 1º gennaio"|"2"|"femmine"|"TOTAL"|"totale"|"99"|"totale"|"2019"|"2019"|275601|"p"|"dato provvisorio"
"ITD2"|"Provincia Autonoma Trento"|"JAN"|"popolazione al 1º gennaio"|"9"|"totale"|"TOTAL"|"totale"|"99"|"totale"|"2019"|"2019"|541098|"p"|"dato provvisorio"
"ITD20"|"Trento"|"JAN"|"popolazione al 1º gennaio"|"1"|"maschi"|"TOTAL"|"totale"|"99"|"totale"|"2019"|"2019"|265497|"p"|"dato provvisorio"
"ITD20"|"Trento"|"JAN"|"popolazione al 1º gennaio"|"2"|"femmine"|"TOTAL"|"totale"|"99"|"totale"|"2019"|"2019"|275601|"p"|"dato provvisorio"
"ITD20"|"Trento"|"JAN"|"popolazione al 1º gennaio"|"9"|"totale"|"TOTAL"|"totale"|"99"|"totale"|"2019"|"2019"|541098|"p"|"dato provvisorio"
"ITD3"|"Veneto"|"JAN"|"popolazione al 1º gennaio"|"1"|"maschi"|"TOTAL"|"totale"|"99"|"totale"|"2019"|"2019"|2399783|"p"|"dato provvisorio"
"ITD3"|"Veneto"|"JAN"|"popolazione al 1º gennaio"|"2"|"femmine"|"TOTAL"|"totale"|"99"|"totale"|"2019"|"2019"|2506071|"p"|"dato provvisorio"
"ITD3"|"Veneto"|"JAN"|"popolazione al 1º gennaio"|"9"|"totale"|"TOTAL"|"totale"|"99"|"totale"|"2019"|"2019"|4905854|"p"|"dato provvisorio"
"ITD31"|"Verona"|"JAN"|"popolazione al 1º gennaio"|"1"|"maschi"|"TOTAL"|"totale"|"99"|"totale"|"2019"|"2019"|454113|"p"|"dato provvisorio"
"ITD31"|"Verona"|"JAN"|"popolazione al 1º gennaio"|"2"|"femmine"|"TOTAL"|"totale"|"99"|"totale"|"2019"|"2019"|472384|"p"|"dato provvisorio"
"ITD31"|"Verona"|"JAN"|"popolazione al 1º gennaio"|"9"|"totale"|"TOTAL"|"totale"|"99"|"totale"|"2019"|"2019"|926497|"p"|"dato provvisorio"
"ITD32"|"Vicenza"|"JAN"|"popolazione al 1º gennaio"|"1"|"maschi"|"TOTAL"|"totale"|"99"|"totale"|"2019"|"2019"|424877|"p"|"dato provvisorio"
"ITD32"|"Vicenza"|"JAN"|"popolazione al 1º gennaio"|"2"|"femmine"|"TOTAL"|"totale"|"99"|"totale"|"2019"|"2019"|437541|"p"|"dato provvisorio"
"ITD32"|"Vicenza"|"JAN"|"popolazione al 1º gennaio"|"9"|"totale"|"TOTAL"|"totale"|"99"|"totale"|"2019"|"2019"|862418|"p"|"dato provvisorio"
"ITD33"|"Belluno"|"JAN"|"popolazione al 1º gennaio"|"1"|"maschi"|"TOTAL"|"totale"|"99"|"totale"|"2019"|"2019"|98519|"p"|"dato provvisorio"
"ITD33"|"Belluno"|"JAN"|"popolazione al 1º gennaio"|"2"|"femmine"|"TOTAL"|"totale"|"99"|"totale"|"2019"|"2019"|104431|"p"|"dato provvisorio"
"ITD33"|"Belluno"|"JAN"|"popolazione al 1º gennaio"|"9"|"totale"|"TOTAL"|"totale"|"99"|"totale"|"2019"|"2019"|202950|"p"|"dato provvisorio"
"ITD34"|"Treviso"|"JAN"|"popolazione al 1º gennaio"|"1"|"maschi"|"TOTAL"|"totale"|"99"|"totale"|"2019"|"2019"|436607|"p"|"dato provvisorio"
"ITD34"|"Treviso"|"JAN"|"popolazione al 1º gennaio"|"2"|"femmine"|"TOTAL"|"totale"|"99"|"totale"|"2019"|"2019"|451199|"p"|"dato provvisorio"
"ITD34"|"Treviso"|"JAN"|"popolazione al 1º gennaio"|"9"|"totale"|"TOTAL"|"totale"|"99"|"totale"|"2019"|"2019"|887806|"p"|"dato provvisorio"
"ITD35"|"Venezia"|"JAN"|"popolazione al 1º gennaio"|"1"|"maschi"|"TOTAL"|"totale"|"99"|"totale"|"2019"|"2019"|414085|"p"|"dato provvisorio"
"ITD35"|"Venezia"|"JAN"|"popolazione al 1º gennaio"|"2"|"femmine"|"TOTAL"|"totale"|"99"|"totale"|"2019"|"2019"|439253|"p"|"dato provvisorio"
"ITD35"|"Venezia"|"JAN"|"popolazione al 1º gennaio"|"9"|"totale"|"TOTAL"|"totale"|"99"|"totale"|"2019"|"2019"|853338|"p"|"dato provvisorio"
"ITD36"|"Padova"|"JAN"|"popolazione al 1º gennaio"|"1"|"maschi"|"TOTAL"|"totale"|"99"|"totale"|"2019"|"2019"|457404|"p"|"dato provvisorio"
"ITD36"|"Padova"|"JAN"|"popolazione al 1º gennaio"|"2"|"femmine"|"TOTAL"|"totale"|"99"|"totale"|"2019"|"2019"|480504|"p"|"dato provvisorio"
"ITD36"|"Padova"|"JAN"|"popolazione al 1º gennaio"|"9"|"totale"|"TOTAL"|"totale"|"99"|"totale"|"2019"|"2019"|937908|"p"|"dato provvisorio"
"ITD37"|"Rovigo"|"JAN"|"popolazione al 1º gennaio"|"1"|"maschi"|"TOTAL"|"totale"|"99"|"totale"|"2019"|"2019"|114178|"p"|"dato provvisorio"
"ITD37"|"Rovigo"|"JAN"|"popolazione al 1º gennaio"|"2"|"femmine"|"TOTAL"|"totale"|"99"|"totale"|"2019"|"2019"|120759|"p"|"dato provvisorio"
"ITD37"|"Rovigo"|"JAN"|"popolazione al 1º gennaio"|"9"|"totale"|"TOTAL"|"totale"|"99"|"totale"|"2019"|"2019"|234937|"p"|"dato provvisorio"
"ITD4"|"Friuli-Venezia Giulia"|"JAN"|"popolazione al 1º gennaio"|"1"|"maschi"|"TOTAL"|"totale"|"99"|"totale"|"2019"|"2019"|590802|"p"|"dato provvisorio"
"ITD4"|"Friuli-Venezia Giulia"|"JAN"|"popolazione al 1º gennaio"|"2"|"femmine"|"TOTAL"|"totale"|"99"|"totale"|"2019"|"2019"|624418|"p"|"dato provvisorio"
"ITD4"|"Friuli-Venezia Giulia"|"JAN"|"popolazione al 1º gennaio"|"9"|"totale"|"TOTAL"|"totale"|"99"|"totale"|"2019"|"2019"|1215220|"p"|"dato provvisorio"
"ITD41"|"Pordenone"|"JAN"|"popolazione al 1º gennaio"|"1"|"maschi"|"TOTAL"|"totale"|"99"|"totale"|"2019"|"2019"|153466|"p"|"dato provvisorio"
"ITD41"|"Pordenone"|"JAN"|"popolazione al 1º gennaio"|"2"|"femmine"|"TOTAL"|"totale"|"99"|"totale"|"2019"|"2019"|159067|"p"|"dato provvisorio"
"ITD41"|"Pordenone"|"JAN"|"popolazione al 1º gennaio"|"9"|"totale"|"TOTAL"|"totale"|"99"|"totale"|"2019"|"2019"|312533|"p"|"dato provvisorio"
"ITD42"|"Udine"|"JAN"|"popolazione al 1º gennaio"|"1"|"maschi"|"TOTAL"|"totale"|"99"|"totale"|"2019"|"2019"|256276|"p"|"dato provvisorio"
"ITD42"|"Udine"|"JAN"|"popolazione al 1º gennaio"|"2"|"femmine"|"TOTAL"|"totale"|"99"|"totale"|"2019"|"2019"|272515|"p"|"dato provvisorio"
"ITD42"|"Udine"|"JAN"|"popolazione al 1º gennaio"|"9"|"totale"|"TOTAL"|"totale"|"99"|"totale"|"2019"|"2019"|528791|"p"|"dato provvisorio"
"ITD43"|"Gorizia"|"JAN"|"popolazione al 1º gennaio"|"1"|"maschi"|"TOTAL"|"totale"|"99"|"totale"|"2019"|"2019"|68522|"p"|"dato provvisorio"
"ITD43"|"Gorizia"|"JAN"|"popolazione al 1º gennaio"|"2"|"femmine"|"TOTAL"|"totale"|"99"|"totale"|"2019"|"2019"|70881|"p"|"dato provvisorio"
"ITD43"|"Gorizia"|"JAN"|"popolazione al 1º gennaio"|"9"|"totale"|"TOTAL"|"totale"|"99"|"totale"|"2019"|"2019"|139403|"p"|"dato provvisorio"
"ITD44"|"Trieste"|"JAN"|"popolazione al 1º gennaio"|"1"|"maschi"|"TOTAL"|"totale"|"99"|"totale"|"2019"|"2019"|112538|"p"|"dato provvisorio"
"ITD44"|"Trieste"|"JAN"|"popolazione al 1º gennaio"|"2"|"femmine"|"TOTAL"|"totale"|"99"|"totale"|"2019"|"2019"|121955|"p"|"dato provvisorio"
"ITD44"|"Trieste"|"JAN"|"popolazione al 1º gennaio"|"9"|"totale"|"TOTAL"|"totale"|"99"|"totale"|"2019"|"2019"|234493|"p"|"dato provvisorio"
"ITD5"|"Emilia-Romagna"|"JAN"|"popolazione al 1º gennaio"|"1"|"maschi"|"TOTAL"|"totale"|"99"|"totale"|"2019"|"2019"|2168535|"p"|"dato provvisorio"
"ITD5"|"Emilia-Romagna"|"JAN"|"popolazione al 1º gennaio"|"2"|"femmine"|"TOTAL"|"totale"|"99"|"totale"|"2019"|"2019"|2290942|"p"|"dato provvisorio"
"ITD5"|"Emilia-Romagna"|"JAN"|"popolazione al 1º gennaio"|"9"|"totale"|"TOTAL"|"totale"|"99"|"totale"|"2019"|"2019"|4459477|"p"|"dato provvisorio"
"ITD51"|"Piacenza"|"JAN"|"popolazione al 1º gennaio"|"1"|"maschi"|"TOTAL"|"totale"|"99"|"totale"|"2019"|"2019"|140530|"p"|"dato provvisorio"
"ITD51"|"Piacenza"|"JAN"|"popolazione al 1º gennaio"|"2"|"femmine"|"TOTAL"|"totale"|"99"|"totale"|"2019"|"2019"|146622|"p"|"dato provvisorio"
"ITD51"|"Piacenza"|"JAN"|"popolazione al 1º gennaio"|"9"|"totale"|"TOTAL"|"totale"|"99"|"totale"|"2019"|"2019"|287152|"p"|"dato provvisorio"
"ITD52"|"Parma"|"JAN"|"popolazione al 1º gennaio"|"1"|"maschi"|"TOTAL"|"totale"|"99"|"totale"|"2019"|"2019"|220524|"p"|"dato provvisorio"
"ITD52"|"Parma"|"JAN"|"popolazione al 1º gennaio"|"2"|"femmine"|"TOTAL"|"totale"|"99"|"totale"|"2019"|"2019"|231107|"p"|"dato provvisorio"
"ITD52"|"Parma"|"JAN"|"popolazione al 1º gennaio"|"9"|"totale"|"TOTAL"|"totale"|"99"|"totale"|"2019"|"2019"|451631|"p"|"dato provvisorio"
"ITD53"|"Reggio nell'Emilia"|"JAN"|"popolazione al 1º gennaio"|"1"|"maschi"|"TOTAL"|"totale"|"99"|"totale"|"2019"|"2019"|261563|"p"|"dato provvisorio"
"ITD53"|"Reggio nell'Emilia"|"JAN"|"popolazione al 1º gennaio"|"2"|"femmine"|"TOTAL"|"totale"|"99"|"totale"|"2019"|"2019"|270328|"p"|"dato provvisorio"
"ITD53"|"Reggio nell'Emilia"|"JAN"|"popolazione al 1º gennaio"|"9"|"totale"|"TOTAL"|"totale"|"99"|"totale"|"2019"|"2019"|531891|"p"|"dato provvisorio"
"ITD54"|"Modena"|"JAN"|"popolazione al 1º gennaio"|"1"|"maschi"|"TOTAL"|"totale"|"99"|"totale"|"2019"|"2019"|345394|"p"|"dato provvisorio"
"ITD54"|"Modena"|"JAN"|"popolazione al 1º gennaio"|"2"|"femmine"|"TOTAL"|"totale"|"99"|"totale"|"2019"|"2019"|359999|"p"|"dato provvisorio"
"ITD54"|"Modena"|"JAN"|"popolazione al 1º gennaio"|"9"|"totale"|"TOTAL"|"totale"|"99"|"totale"|"2019"|"2019"|705393|"p"|"dato provvisorio"
"ITD55"|"Bologna"|"JAN"|"popolazione al 1º gennaio"|"1"|"maschi"|"TOTAL"|"totale"|"99"|"totale"|"2019"|"2019"|489227|"p"|"dato provvisorio"
"ITD55"|"Bologna"|"JAN"|"popolazione al 1º gennaio"|"2"|"femmine"|"TOTAL"|"totale"|"99"|"totale"|"2019"|"2019"|525392|"p"|"dato provvisorio"
"ITD55"|"Bologna"|"JAN"|"popolazione al 1º gennaio"|"9"|"totale"|"TOTAL"|"totale"|"99"|"totale"|"2019"|"2019"|1014619|"p"|"dato provvisorio"
"ITD56"|"Ferrara"|"JAN"|"popolazione al 1º gennaio"|"1"|"maschi"|"TOTAL"|"totale"|"99"|"totale"|"2019"|"2019"|166099|"p"|"dato provvisorio"
"ITD56"|"Ferrara"|"JAN"|"popolazione al 1º gennaio"|"2"|"femmine"|"TOTAL"|"totale"|"99"|"totale"|"2019"|"2019"|179592|"p"|"dato provvisorio"
"ITD56"|"Ferrara"|"JAN"|"popolazione al 1º gennaio"|"9"|"totale"|"TOTAL"|"totale"|"99"|"totale"|"2019"|"2019"|345691|"p"|"dato provvisorio"
"ITD57"|"Ravenna"|"JAN"|"popolazione al 1º gennaio"|"1"|"maschi"|"TOTAL"|"totale"|"99"|"totale"|"2019"|"2019"|189390|"p"|"dato provvisorio"
"ITD57"|"Ravenna"|"JAN"|"popolazione al 1º gennaio"|"2"|"femmine"|"TOTAL"|"totale"|"99"|"totale"|"2019"|"2019"|200066|"p"|"dato provvisorio"
"ITD57"|"Ravenna"|"JAN"|"popolazione al 1º gennaio"|"9"|"totale"|"TOTAL"|"totale"|"99"|"totale"|"2019"|"2019"|389456|"p"|"dato provvisorio"
"ITD58"|"Forlì-Cesena"|"JAN"|"popolazione al 1º gennaio"|"1"|"maschi"|"TOTAL"|"totale"|"99"|"totale"|"2019"|"2019"|191995|"p"|"dato provvisorio"
"ITD58"|"Forlì-Cesena"|"JAN"|"popolazione al 1º gennaio"|"2"|"femmine"|"TOTAL"|"totale"|"99"|"totale"|"2019"|"2019"|202632|"p"|"dato provvisorio"
"ITD58"|"Forlì-Cesena"|"JAN"|"popolazione al 1º gennaio"|"9"|"totale"|"TOTAL"|"totale"|"99"|"totale"|"2019"|"2019"|394627|"p"|"dato provvisorio"
"ITD59"|"Rimini"|"JAN"|"popolazione al 1º gennaio"|"1"|"maschi"|"TOTAL"|"totale"|"99"|"totale"|"2019"|"2019"|163813|"p"|"dato provvisorio"
"ITD59"|"Rimini"|"JAN"|"popolazione al 1º gennaio"|"2"|"femmine"|"TOTAL"|"totale"|"99"|"totale"|"2019"|"2019"|175204|"p"|"dato provvisorio"
"ITD59"|"Rimini"|"JAN"|"popolazione al 1º gennaio"|"9"|"totale"|"TOTAL"|"totale"|"99"|"totale"|"2019"|"2019"|339017|"p"|"dato provvisorio"
"ITE"|"Centro"|"JAN"|"popolazione al 1º gennaio"|"1"|"maschi"|"TOTAL"|"totale"|"99"|"totale"|"2019"|"2019"|5804893|"p"|"dato provvisorio"
"ITE"|"Centro"|"JAN"|"popolazione al 1º gennaio"|"2"|"femmine"|"TOTAL"|"totale"|"99"|"totale"|"2019"|"2019"|6211116|"p"|"dato provvisorio"
"ITE"|"Centro"|"JAN"|"popolazione al 1º gennaio"|"9"|"totale"|"TOTAL"|"totale"|"99"|"totale"|"2019"|"2019"|12016009|"p"|"dato provvisorio"
"ITE1"|"Toscana"|"JAN"|"popolazione al 1º gennaio"|"1"|"maschi"|"TOTAL"|"totale"|"99"|"totale"|"2019"|"2019"|1800741|"p"|"dato provvisorio"
"ITE1"|"Toscana"|"JAN"|"popolazione al 1º gennaio"|"2"|"femmine"|"TOTAL"|"totale"|"99"|"totale"|"2019"|"2019"|1928900|"p"|"dato provvisorio"
"ITE1"|"Toscana"|"JAN"|"popolazione al 1º gennaio"|"9"|"totale"|"TOTAL"|"totale"|"99"|"totale"|"2019"|"2019"|3729641|"p"|"dato provvisorio"
"ITE11"|"Massa-Carrara"|"JAN"|"popolazione al 1º gennaio"|"1"|"maschi"|"TOTAL"|"totale"|"99"|"totale"|"2019"|"2019"|94108|"p"|"dato provvisorio"
"ITE11"|"Massa-Carrara"|"JAN"|"popolazione al 1º gennaio"|"2"|"femmine"|"TOTAL"|"totale"|"99"|"totale"|"2019"|"2019"|100770|"p"|"dato provvisorio"
"ITE11"|"Massa-Carrara"|"JAN"|"popolazione al 1º gennaio"|"9"|"totale"|"TOTAL"|"totale"|"99"|"totale"|"2019"|"2019"|194878|"p"|"dato provvisorio"
"ITE12"|"Lucca"|"JAN"|"popolazione al 1º gennaio"|"1"|"maschi"|"TOTAL"|"totale"|"99"|"totale"|"2019"|"2019"|187299|"p"|"dato provvisorio"
"ITE12"|"Lucca"|"JAN"|"popolazione al 1º gennaio"|"2"|"femmine"|"TOTAL"|"totale"|"99"|"totale"|"2019"|"2019"|200577|"p"|"dato provvisorio"
"ITE12"|"Lucca"|"JAN"|"popolazione al 1º gennaio"|"9"|"totale"|"TOTAL"|"totale"|"99"|"totale"|"2019"|"2019"|387876|"p"|"dato provvisorio"
"ITE13"|"Pistoia"|"JAN"|"popolazione al 1º gennaio"|"1"|"maschi"|"TOTAL"|"totale"|"99"|"totale"|"2019"|"2019"|140948|"p"|"dato provvisorio"
"ITE13"|"Pistoia"|"JAN"|"popolazione al 1º gennaio"|"2"|"femmine"|"TOTAL"|"totale"|"99"|"totale"|"2019"|"2019"|151525|"p"|"dato provvisorio"
"ITE13"|"Pistoia"|"JAN"|"popolazione al 1º gennaio"|"9"|"totale"|"TOTAL"|"totale"|"99"|"totale"|"2019"|"2019"|292473|"p"|"dato provvisorio"
"ITE14"|"Firenze"|"JAN"|"popolazione al 1º gennaio"|"1"|"maschi"|"TOTAL"|"totale"|"99"|"totale"|"2019"|"2019"|485167|"p"|"dato provvisorio"
"ITE14"|"Firenze"|"JAN"|"popolazione al 1º gennaio"|"2"|"femmine"|"TOTAL"|"totale"|"99"|"totale"|"2019"|"2019"|526182|"p"|"dato provvisorio"
"ITE14"|"Firenze"|"JAN"|"popolazione al 1º gennaio"|"9"|"totale"|"TOTAL"|"totale"|"99"|"totale"|"2019"|"2019"|1011349|"p"|"dato provvisorio"
"ITE15"|"Prato"|"JAN"|"popolazione al 1º gennaio"|"1"|"maschi"|"TOTAL"|"totale"|"99"|"totale"|"2019"|"2019"|125536|"p"|"dato provvisorio"
"ITE15"|"Prato"|"JAN"|"popolazione al 1º gennaio"|"2"|"femmine"|"TOTAL"|"totale"|"99"|"totale"|"2019"|"2019"|132180|"p"|"dato provvisorio"
"ITE15"|"Prato"|"JAN"|"popolazione al 1º gennaio"|"9"|"totale"|"TOTAL"|"totale"|"99"|"totale"|"2019"|"2019"|257716|"p"|"dato provvisorio"
"ITE16"|"Livorno"|"JAN"|"popolazione al 1º gennaio"|"1"|"maschi"|"TOTAL"|"totale"|"99"|"totale"|"2019"|"2019"|161309|"p"|"dato provvisorio"
"ITE16"|"Livorno"|"JAN"|"popolazione al 1º gennaio"|"2"|"femmine"|"TOTAL"|"totale"|"99"|"totale"|"2019"|"2019"|173523|"p"|"dato provvisorio"
"ITE16"|"Livorno"|"JAN"|"popolazione al 1º gennaio"|"9"|"totale"|"TOTAL"|"totale"|"99"|"totale"|"2019"|"2019"|334832|"p"|"dato provvisorio"
"ITE17"|"Pisa"|"JAN"|"popolazione al 1º gennaio"|"1"|"maschi"|"TOTAL"|"totale"|"99"|"totale"|"2019"|"2019"|203825|"p"|"dato provvisorio"
"ITE17"|"Pisa"|"JAN"|"popolazione al 1º gennaio"|"2"|"femmine"|"TOTAL"|"totale"|"99"|"totale"|"2019"|"2019"|215212|"p"|"dato provvisorio"
"ITE17"|"Pisa"|"JAN"|"popolazione al 1º gennaio"|"9"|"totale"|"TOTAL"|"totale"|"99"|"totale"|"2019"|"2019"|419037|"p"|"dato provvisorio"
"ITE18"|"Arezzo"|"JAN"|"popolazione al 1º gennaio"|"1"|"maschi"|"TOTAL"|"totale"|"99"|"totale"|"2019"|"2019"|166953|"p"|"dato provvisorio"
"ITE18"|"Arezzo"|"JAN"|"popolazione al 1º gennaio"|"2"|"femmine"|"TOTAL"|"totale"|"99"|"totale"|"2019"|"2019"|175701|"p"|"dato provvisorio"
"ITE18"|"Arezzo"|"JAN"|"popolazione al 1º gennaio"|"9"|"totale"|"TOTAL"|"totale"|"99"|"totale"|"2019"|"2019"|342654|"p"|"dato provvisorio"
"ITE19"|"Siena"|"JAN"|"popolazione al 1º gennaio"|"1"|"maschi"|"TOTAL"|"totale"|"99"|"totale"|"2019"|"2019"|128603|"p"|"dato provvisorio"
"ITE19"|"Siena"|"JAN"|"popolazione al 1º gennaio"|"2"|"femmine"|"TOTAL"|"totale"|"99"|"totale"|"2019"|"2019"|138594|"p"|"dato provvisorio"
"ITE19"|"Siena"|"JAN"|"popolazione al 1º gennaio"|"9"|"totale"|"TOTAL"|"totale"|"99"|"totale"|"2019"|"2019"|267197|"p"|"dato provvisorio"
"ITE1A"|"Grosseto"|"JAN"|"popolazione al 1º gennaio"|"1"|"maschi"|"TOTAL"|"totale"|"99"|"totale"|"2019"|"2019"|106993|"p"|"dato provvisorio"
"ITE1A"|"Grosseto"|"JAN"|"popolazione al 1º gennaio"|"2"|"femmine"|"TOTAL"|"totale"|"99"|"totale"|"2019"|"2019"|114636|"p"|"dato provvisorio"
"ITE1A"|"Grosseto"|"JAN"|"popolazione al 1º gennaio"|"9"|"totale"|"TOTAL"|"totale"|"99"|"totale"|"2019"|"2019"|221629|"p"|"dato provvisorio"
"ITE2"|"Umbria"|"JAN"|"popolazione al 1º gennaio"|"1"|"maschi"|"TOTAL"|"totale"|"99"|"totale"|"2019"|"2019"|424819|"p"|"dato provvisorio"
"ITE2"|"Umbria"|"JAN"|"popolazione al 1º gennaio"|"2"|"femmine"|"TOTAL"|"totale"|"99"|"totale"|"2019"|"2019"|457196|"p"|"dato provvisorio"
"ITE2"|"Umbria"|"JAN"|"popolazione al 1º gennaio"|"9"|"totale"|"TOTAL"|"totale"|"99"|"totale"|"2019"|"2019"|882015|"p"|"dato provvisorio"
"ITE21"|"Perugia"|"JAN"|"popolazione al 1º gennaio"|"1"|"maschi"|"TOTAL"|"totale"|"99"|"totale"|"2019"|"2019"|316873|"p"|"dato provvisorio"
"ITE21"|"Perugia"|"JAN"|"popolazione al 1º gennaio"|"2"|"femmine"|"TOTAL"|"totale"|"99"|"totale"|"2019"|"2019"|339509|"p"|"dato provvisorio"
"ITE21"|"Perugia"|"JAN"|"popolazione al 1º gennaio"|"9"|"totale"|"TOTAL"|"totale"|"99"|"totale"|"2019"|"2019"|656382|"p"|"dato provvisorio"
"ITE22"|"Terni"|"JAN"|"popolazione al 1º gennaio"|"1"|"maschi"|"TOTAL"|"totale"|"99"|"totale"|"2019"|"2019"|107946|"p"|"dato provvisorio"
"ITE22"|"Terni"|"JAN"|"popolazione al 1º gennaio"|"2"|"femmine"|"TOTAL"|"totale"|"99"|"totale"|"2019"|"2019"|117687|"p"|"dato provvisorio"
"ITE22"|"Terni"|"JAN"|"popolazione al 1º gennaio"|"9"|"totale"|"TOTAL"|"totale"|"99"|"totale"|"2019"|"2019"|225633|"p"|"dato provvisorio"
"ITE3"|"Marche"|"JAN"|"popolazione al 1º gennaio"|"1"|"maschi"|"TOTAL"|"totale"|"99"|"totale"|"2019"|"2019"|740927|"p"|"dato provvisorio"
"ITE3"|"Marche"|"JAN"|"popolazione al 1º gennaio"|"2"|"femmine"|"TOTAL"|"totale"|"99"|"totale"|"2019"|"2019"|784344|"p"|"dato provvisorio"
"ITE3"|"Marche"|"JAN"|"popolazione al 1º gennaio"|"9"|"totale"|"TOTAL"|"totale"|"99"|"totale"|"2019"|"2019"|1525271|"p"|"dato provvisorio"
"ITE31"|"Pesaro e Urbino"|"JAN"|"popolazione al 1º gennaio"|"1"|"maschi"|"TOTAL"|"totale"|"99"|"totale"|"2019"|"2019"|175224|"p"|"dato provvisorio"
"ITE31"|"Pesaro e Urbino"|"JAN"|"popolazione al 1º gennaio"|"2"|"femmine"|"TOTAL"|"totale"|"99"|"totale"|"2019"|"2019"|183662|"p"|"dato provvisorio"
"ITE31"|"Pesaro e Urbino"|"JAN"|"popolazione al 1º gennaio"|"9"|"totale"|"TOTAL"|"totale"|"99"|"totale"|"2019"|"2019"|358886|"p"|"dato provvisorio"
"ITE32"|"Ancona"|"JAN"|"popolazione al 1º gennaio"|"1"|"maschi"|"TOTAL"|"totale"|"99"|"totale"|"2019"|"2019"|227970|"p"|"dato provvisorio"
"ITE32"|"Ancona"|"JAN"|"popolazione al 1º gennaio"|"2"|"femmine"|"TOTAL"|"totale"|"99"|"totale"|"2019"|"2019"|243258|"p"|"dato provvisorio"
"ITE32"|"Ancona"|"JAN"|"popolazione al 1º gennaio"|"9"|"totale"|"TOTAL"|"totale"|"99"|"totale"|"2019"|"2019"|471228|"p"|"dato provvisorio"
"ITE33"|"Macerata"|"JAN"|"popolazione al 1º gennaio"|"1"|"maschi"|"TOTAL"|"totale"|"99"|"totale"|"2019"|"2019"|152632|"p"|"dato provvisorio"
"ITE33"|"Macerata"|"JAN"|"popolazione al 1º gennaio"|"2"|"femmine"|"TOTAL"|"totale"|"99"|"totale"|"2019"|"2019"|161546|"p"|"dato provvisorio"
"ITE33"|"Macerata"|"JAN"|"popolazione al 1º gennaio"|"9"|"totale"|"TOTAL"|"totale"|"99"|"totale"|"2019"|"2019"|314178|"p"|"dato provvisorio"
"ITE34"|"Ascoli Piceno"|"JAN"|"popolazione al 1º gennaio"|"1"|"maschi"|"TOTAL"|"totale"|"99"|"totale"|"2019"|"2019"|100312|"p"|"dato provvisorio"
"ITE34"|"Ascoli Piceno"|"JAN"|"popolazione al 1º gennaio"|"2"|"femmine"|"TOTAL"|"totale"|"99"|"totale"|"2019"|"2019"|106867|"p"|"dato provvisorio"
"ITE34"|"Ascoli Piceno"|"JAN"|"popolazione al 1º gennaio"|"9"|"totale"|"TOTAL"|"totale"|"99"|"totale"|"2019"|"2019"|207179|"p"|"dato provvisorio"
"ITE4"|"Lazio"|"JAN"|"popolazione al 1º gennaio"|"1"|"maschi"|"TOTAL"|"totale"|"99"|"totale"|"2019"|"2019"|2838406|"p"|"dato provvisorio"
"ITE4"|"Lazio"|"JAN"|"popolazione al 1º gennaio"|"2"|"femmine"|"TOTAL"|"totale"|"99"|"totale"|"2019"|"2019"|3040676|"p"|"dato provvisorio"
"ITE4"|"Lazio"|"JAN"|"popolazione al 1º gennaio"|"9"|"totale"|"TOTAL"|"totale"|"99"|"totale"|"2019"|"2019"|5879082|"p"|"dato provvisorio"
"ITE41"|"Viterbo"|"JAN"|"popolazione al 1º gennaio"|"1"|"maschi"|"TOTAL"|"totale"|"99"|"totale"|"2019"|"2019"|155227|"p"|"dato provvisorio"
"ITE41"|"Viterbo"|"JAN"|"popolazione al 1º gennaio"|"2"|"femmine"|"TOTAL"|"totale"|"99"|"totale"|"2019"|"2019"|161803|"p"|"dato provvisorio"
"ITE41"|"Viterbo"|"JAN"|"popolazione al 1º gennaio"|"9"|"totale"|"TOTAL"|"totale"|"99"|"totale"|"2019"|"2019"|317030|"p"|"dato provvisorio"
"ITE42"|"Rieti"|"JAN"|"popolazione al 1º gennaio"|"1"|"maschi"|"TOTAL"|"totale"|"99"|"totale"|"2019"|"2019"|76907|"p"|"dato provvisorio"
"ITE42"|"Rieti"|"JAN"|"popolazione al 1º gennaio"|"2"|"femmine"|"TOTAL"|"totale"|"99"|"totale"|"2019"|"2019"|78596|"p"|"dato provvisorio"
"ITE42"|"Rieti"|"JAN"|"popolazione al 1º gennaio"|"9"|"totale"|"TOTAL"|"totale"|"99"|"totale"|"2019"|"2019"|155503|"p"|"dato provvisorio"
"ITE43"|"Roma"|"JAN"|"popolazione al 1º gennaio"|"1"|"maschi"|"TOTAL"|"totale"|"99"|"totale"|"2019"|"2019"|2081239|"p"|"dato provvisorio"
"ITE43"|"Roma"|"JAN"|"popolazione al 1º gennaio"|"2"|"femmine"|"TOTAL"|"totale"|"99"|"totale"|"2019"|"2019"|2260973|"p"|"dato provvisorio"
"ITE43"|"Roma"|"JAN"|"popolazione al 1º gennaio"|"9"|"totale"|"TOTAL"|"totale"|"99"|"totale"|"2019"|"2019"|4342212|"p"|"dato provvisorio"
"ITE44"|"Latina"|"JAN"|"popolazione al 1º gennaio"|"1"|"maschi"|"TOTAL"|"totale"|"99"|"totale"|"2019"|"2019"|284526|"p"|"dato provvisorio"
"ITE44"|"Latina"|"JAN"|"popolazione al 1º gennaio"|"2"|"femmine"|"TOTAL"|"totale"|"99"|"totale"|"2019"|"2019"|290728|"p"|"dato provvisorio"
"ITE44"|"Latina"|"JAN"|"popolazione al 1º gennaio"|"9"|"totale"|"TOTAL"|"totale"|"99"|"totale"|"2019"|"2019"|575254|"p"|"dato provvisorio"
"ITE45"|"Frosinone"|"JAN"|"popolazione al 1º gennaio"|"1"|"maschi"|"TOTAL"|"totale"|"99"|"totale"|"2019"|"2019"|240507|"p"|"dato provvisorio"
"ITE45"|"Frosinone"|"JAN"|"popolazione al 1º gennaio"|"2"|"femmine"|"TOTAL"|"totale"|"99"|"totale"|"2019"|"2019"|248576|"p"|"dato provvisorio"
"ITE45"|"Frosinone"|"JAN"|"popolazione al 1º gennaio"|"9"|"totale"|"TOTAL"|"totale"|"99"|"totale"|"2019"|"2019"|489083|"p"|"dato provvisorio"
"ITF"|"Sud"|"JAN"|"popolazione al 1º gennaio"|"1"|"maschi"|"TOTAL"|"totale"|"99"|"totale"|"2019"|"2019"|6811479|"p"|"dato provvisorio"
"ITF"|"Sud"|"JAN"|"popolazione al 1º gennaio"|"2"|"femmine"|"TOTAL"|"totale"|"99"|"totale"|"2019"|"2019"|7146463|"p"|"dato provvisorio"
"ITF"|"Sud"|"JAN"|"popolazione al 1º gennaio"|"9"|"totale"|"TOTAL"|"totale"|"99"|"totale"|"2019"|"2019"|13957942|"p"|"dato provvisorio"
"ITF1"|"Abruzzo"|"JAN"|"popolazione al 1º gennaio"|"1"|"maschi"|"TOTAL"|"totale"|"99"|"totale"|"2019"|"2019"|640136|"p"|"dato provvisorio"
"ITF1"|"Abruzzo"|"JAN"|"popolazione al 1º gennaio"|"2"|"femmine"|"TOTAL"|"totale"|"99"|"totale"|"2019"|"2019"|671444|"p"|"dato provvisorio"
"ITF1"|"Abruzzo"|"JAN"|"popolazione al 1º gennaio"|"9"|"totale"|"TOTAL"|"totale"|"99"|"totale"|"2019"|"2019"|1311580|"p"|"dato provvisorio"
"ITF11"|"L'Aquila"|"JAN"|"popolazione al 1º gennaio"|"1"|"maschi"|"TOTAL"|"totale"|"99"|"totale"|"2019"|"2019"|147868|"p"|"dato provvisorio"
"ITF11"|"L'Aquila"|"JAN"|"popolazione al 1º gennaio"|"2"|"femmine"|"TOTAL"|"totale"|"99"|"totale"|"2019"|"2019"|151163|"p"|"dato provvisorio"
"ITF11"|"L'Aquila"|"JAN"|"popolazione al 1º gennaio"|"9"|"totale"|"TOTAL"|"totale"|"99"|"totale"|"2019"|"2019"|299031|"p"|"dato provvisorio"
"ITF12"|"Teramo"|"JAN"|"popolazione al 1º gennaio"|"1"|"maschi"|"TOTAL"|"totale"|"99"|"totale"|"2019"|"2019"|150803|"p"|"dato provvisorio"
"ITF12"|"Teramo"|"JAN"|"popolazione al 1º gennaio"|"2"|"femmine"|"TOTAL"|"totale"|"99"|"totale"|"2019"|"2019"|157249|"p"|"dato provvisorio"
"ITF12"|"Teramo"|"JAN"|"popolazione al 1º gennaio"|"9"|"totale"|"TOTAL"|"totale"|"99"|"totale"|"2019"|"2019"|308052|"p"|"dato provvisorio"
"ITF13"|"Pescara"|"JAN"|"popolazione al 1º gennaio"|"1"|"maschi"|"TOTAL"|"totale"|"99"|"totale"|"2019"|"2019"|153590|"p"|"dato provvisorio"
"ITF13"|"Pescara"|"JAN"|"popolazione al 1º gennaio"|"2"|"femmine"|"TOTAL"|"totale"|"99"|"totale"|"2019"|"2019"|165319|"p"|"dato provvisorio"
"ITF13"|"Pescara"|"JAN"|"popolazione al 1º gennaio"|"9"|"totale"|"TOTAL"|"totale"|"99"|"totale"|"2019"|"2019"|318909|"p"|"dato provvisorio"
"ITF14"|"Chieti"|"JAN"|"popolazione al 1º gennaio"|"1"|"maschi"|"TOTAL"|"totale"|"99"|"totale"|"2019"|"2019"|187875|"p"|"dato provvisorio"
"ITF14"|"Chieti"|"JAN"|"popolazione al 1º gennaio"|"2"|"femmine"|"TOTAL"|"totale"|"99"|"totale"|"2019"|"2019"|197713|"p"|"dato provvisorio"
"ITF14"|"Chieti"|"JAN"|"popolazione al 1º gennaio"|"9"|"totale"|"TOTAL"|"totale"|"99"|"totale"|"2019"|"2019"|385588|"p"|"dato provvisorio"
"ITF2"|"Molise"|"JAN"|"popolazione al 1º gennaio"|"1"|"maschi"|"TOTAL"|"totale"|"99"|"totale"|"2019"|"2019"|150580|"p"|"dato provvisorio"
"ITF2"|"Molise"|"JAN"|"popolazione al 1º gennaio"|"2"|"femmine"|"TOTAL"|"totale"|"99"|"totale"|"2019"|"2019"|155037|"p"|"dato provvisorio"
"ITF2"|"Molise"|"JAN"|"popolazione al 1º gennaio"|"9"|"totale"|"TOTAL"|"totale"|"99"|"totale"|"2019"|"2019"|305617|"p"|"dato provvisorio"
"ITF21"|"Isernia"|"JAN"|"popolazione al 1º gennaio"|"1"|"maschi"|"TOTAL"|"totale"|"99"|"totale"|"2019"|"2019"|41830|"p"|"dato provvisorio"
"ITF21"|"Isernia"|"JAN"|"popolazione al 1º gennaio"|"2"|"femmine"|"TOTAL"|"totale"|"99"|"totale"|"2019"|"2019"|42549|"p"|"dato provvisorio"
"ITF21"|"Isernia"|"JAN"|"popolazione al 1º gennaio"|"9"|"totale"|"TOTAL"|"totale"|"99"|"totale"|"2019"|"2019"|84379|"p"|"dato provvisorio"
"ITF22"|"Campobasso"|"JAN"|"popolazione al 1º gennaio"|"1"|"maschi"|"TOTAL"|"totale"|"99"|"totale"|"2019"|"2019"|108750|"p"|"dato provvisorio"
"ITF22"|"Campobasso"|"JAN"|"popolazione al 1º gennaio"|"2"|"femmine"|"TOTAL"|"totale"|"99"|"totale"|"2019"|"2019"|112488|"p"|"dato provvisorio"
"ITF22"|"Campobasso"|"JAN"|"popolazione al 1º gennaio"|"9"|"totale"|"TOTAL"|"totale"|"99"|"totale"|"2019"|"2019"|221238|"p"|"dato provvisorio"
"ITF3"|"Campania"|"JAN"|"popolazione al 1º gennaio"|"1"|"maschi"|"TOTAL"|"totale"|"99"|"totale"|"2019"|"2019"|2828490|"p"|"dato provvisorio"
"ITF3"|"Campania"|"JAN"|"popolazione al 1º gennaio"|"2"|"femmine"|"TOTAL"|"totale"|"99"|"totale"|"2019"|"2019"|2973202|"p"|"dato provvisorio"
"ITF3"|"Campania"|"JAN"|"popolazione al 1º gennaio"|"9"|"totale"|"TOTAL"|"totale"|"99"|"totale"|"2019"|"2019"|5801692|"p"|"dato provvisorio"
"ITF31"|"Caserta"|"JAN"|"popolazione al 1º gennaio"|"1"|"maschi"|"TOTAL"|"totale"|"99"|"totale"|"2019"|"2019"|451931|"p"|"dato provvisorio"
"ITF31"|"Caserta"|"JAN"|"popolazione al 1º gennaio"|"2"|"femmine"|"TOTAL"|"totale"|"99"|"totale"|"2019"|"2019"|471034|"p"|"dato provvisorio"
"ITF31"|"Caserta"|"JAN"|"popolazione al 1º gennaio"|"9"|"totale"|"TOTAL"|"totale"|"99"|"totale"|"2019"|"2019"|922965|"p"|"dato provvisorio"
"ITF32"|"Benevento"|"JAN"|"popolazione al 1º gennaio"|"1"|"maschi"|"TOTAL"|"totale"|"99"|"totale"|"2019"|"2019"|135931|"p"|"dato provvisorio"
"ITF32"|"Benevento"|"JAN"|"popolazione al 1º gennaio"|"2"|"femmine"|"TOTAL"|"totale"|"99"|"totale"|"2019"|"2019"|141087|"p"|"dato provvisorio"
"ITF32"|"Benevento"|"JAN"|"popolazione al 1º gennaio"|"9"|"totale"|"TOTAL"|"totale"|"99"|"totale"|"2019"|"2019"|277018|"p"|"dato provvisorio"
"ITF33"|"Napoli"|"JAN"|"popolazione al 1º gennaio"|"1"|"maschi"|"TOTAL"|"totale"|"99"|"totale"|"2019"|"2019"|1497289|"p"|"dato provvisorio"
"ITF33"|"Napoli"|"JAN"|"popolazione al 1º gennaio"|"2"|"femmine"|"TOTAL"|"totale"|"99"|"totale"|"2019"|"2019"|1587601|"p"|"dato provvisorio"
"ITF33"|"Napoli"|"JAN"|"popolazione al 1º gennaio"|"9"|"totale"|"TOTAL"|"totale"|"99"|"totale"|"2019"|"2019"|3084890|"p"|"dato provvisorio"
"ITF34"|"Avellino"|"JAN"|"popolazione al 1º gennaio"|"1"|"maschi"|"TOTAL"|"totale"|"99"|"totale"|"2019"|"2019"|205626|"p"|"dato provvisorio"
"ITF34"|"Avellino"|"JAN"|"popolazione al 1º gennaio"|"2"|"femmine"|"TOTAL"|"totale"|"99"|"totale"|"2019"|"2019"|212680|"p"|"dato provvisorio"
"ITF34"|"Avellino"|"JAN"|"popolazione al 1º gennaio"|"9"|"totale"|"TOTAL"|"totale"|"99"|"totale"|"2019"|"2019"|418306|"p"|"dato provvisorio"
"ITF35"|"Salerno"|"JAN"|"popolazione al 1º gennaio"|"1"|"maschi"|"TOTAL"|"totale"|"99"|"totale"|"2019"|"2019"|537713|"p"|"dato provvisorio"
"ITF35"|"Salerno"|"JAN"|"popolazione al 1º gennaio"|"2"|"femmine"|"TOTAL"|"totale"|"99"|"totale"|"2019"|"2019"|560800|"p"|"dato provvisorio"
"ITF35"|"Salerno"|"JAN"|"popolazione al 1º gennaio"|"9"|"totale"|"TOTAL"|"totale"|"99"|"totale"|"2019"|"2019"|1098513|"p"|"dato provvisorio"
"ITF4"|"Puglia"|"JAN"|"popolazione al 1º gennaio"|"1"|"maschi"|"TOTAL"|"totale"|"99"|"totale"|"2019"|"2019"|1959903|"p"|"dato provvisorio"
"ITF4"|"Puglia"|"JAN"|"popolazione al 1º gennaio"|"2"|"femmine"|"TOTAL"|"totale"|"99"|"totale"|"2019"|"2019"|2069150|"p"|"dato provvisorio"
"ITF4"|"Puglia"|"JAN"|"popolazione al 1º gennaio"|"9"|"totale"|"TOTAL"|"totale"|"99"|"totale"|"2019"|"2019"|4029053|"p"|"dato provvisorio"
"ITF41"|"Foggia"|"JAN"|"popolazione al 1º gennaio"|"1"|"maschi"|"TOTAL"|"totale"|"99"|"totale"|"2019"|"2019"|305170|"p"|"dato provvisorio"
"ITF41"|"Foggia"|"JAN"|"popolazione al 1º gennaio"|"2"|"femmine"|"TOTAL"|"totale"|"99"|"totale"|"2019"|"2019"|317013|"p"|"dato provvisorio"
"ITF41"|"Foggia"|"JAN"|"popolazione al 1º gennaio"|"9"|"totale"|"TOTAL"|"totale"|"99"|"totale"|"2019"|"2019"|622183|"p"|"dato provvisorio"
"ITF42"|"Bari"|"JAN"|"popolazione al 1º gennaio"|"1"|"maschi"|"TOTAL"|"totale"|"99"|"totale"|"2019"|"2019"|610856|"p"|"dato provvisorio"
"ITF42"|"Bari"|"JAN"|"popolazione al 1º gennaio"|"2"|"femmine"|"TOTAL"|"totale"|"99"|"totale"|"2019"|"2019"|641138|"p"|"dato provvisorio"
"ITF42"|"Bari"|"JAN"|"popolazione al 1º gennaio"|"9"|"totale"|"TOTAL"|"totale"|"99"|"totale"|"2019"|"2019"|1251994|"p"|"dato provvisorio"
"ITF43"|"Taranto"|"JAN"|"popolazione al 1º gennaio"|"1"|"maschi"|"TOTAL"|"totale"|"99"|"totale"|"2019"|"2019"|279656|"p"|"dato provvisorio"
"ITF43"|"Taranto"|"JAN"|"popolazione al 1º gennaio"|"2"|"femmine"|"TOTAL"|"totale"|"99"|"totale"|"2019"|"2019"|297100|"p"|"dato provvisorio"
"ITF43"|"Taranto"|"JAN"|"popolazione al 1º gennaio"|"9"|"totale"|"TOTAL"|"totale"|"99"|"totale"|"2019"|"2019"|576756|"p"|"dato provvisorio"
"ITF44"|"Brindisi"|"JAN"|"popolazione al 1º gennaio"|"1"|"maschi"|"TOTAL"|"totale"|"99"|"totale"|"2019"|"2019"|189878|"p"|"dato provvisorio"
"ITF44"|"Brindisi"|"JAN"|"popolazione al 1º gennaio"|"2"|"femmine"|"TOTAL"|"totale"|"99"|"totale"|"2019"|"2019"|203097|"p"|"dato provvisorio"
"ITF44"|"Brindisi"|"JAN"|"popolazione al 1º gennaio"|"9"|"totale"|"TOTAL"|"totale"|"99"|"totale"|"2019"|"2019"|392975|"p"|"dato provvisorio"
"ITF45"|"Lecce"|"JAN"|"popolazione al 1º gennaio"|"1"|"maschi"|"TOTAL"|"totale"|"99"|"totale"|"2019"|"2019"|381571|"p"|"dato provvisorio"
"ITF45"|"Lecce"|"JAN"|"popolazione al 1º gennaio"|"2"|"femmine"|"TOTAL"|"totale"|"99"|"totale"|"2019"|"2019"|413563|"p"|"dato provvisorio"
"ITF45"|"Lecce"|"JAN"|"popolazione al 1º gennaio"|"9"|"totale"|"TOTAL"|"totale"|"99"|"totale"|"2019"|"2019"|795134|"p"|"dato provvisorio"
"ITF5"|"Basilicata"|"JAN"|"popolazione al 1º gennaio"|"1"|"maschi"|"TOTAL"|"totale"|"99"|"totale"|"2019"|"2019"|276697|"p"|"dato provvisorio"
"ITF5"|"Basilicata"|"JAN"|"popolazione al 1º gennaio"|"2"|"femmine"|"TOTAL"|"totale"|"99"|"totale"|"2019"|"2019"|286172|"p"|"dato provvisorio"
"ITF5"|"Basilicata"|"JAN"|"popolazione al 1º gennaio"|"9"|"totale"|"TOTAL"|"totale"|"99"|"totale"|"2019"|"2019"|562869|"p"|"dato provvisorio"
"ITF51"|"Potenza"|"JAN"|"popolazione al 1º gennaio"|"1"|"maschi"|"TOTAL"|"totale"|"99"|"totale"|"2019"|"2019"|179328|"p"|"dato provvisorio"
"ITF51"|"Potenza"|"JAN"|"popolazione al 1º gennaio"|"2"|"femmine"|"TOTAL"|"totale"|"99"|"totale"|"2019"|"2019"|185632|"p"|"dato provvisorio"
"ITF51"|"Potenza"|"JAN"|"popolazione al 1º gennaio"|"9"|"totale"|"TOTAL"|"totale"|"99"|"totale"|"2019"|"2019"|364960|"p"|"dato provvisorio"
"ITF52"|"Matera"|"JAN"|"popolazione al 1º gennaio"|"1"|"maschi"|"TOTAL"|"totale"|"99"|"totale"|"2019"|"2019"|97369|"p"|"dato provvisorio"
"ITF52"|"Matera"|"JAN"|"popolazione al 1º gennaio"|"2"|"femmine"|"TOTAL"|"totale"|"99"|"totale"|"2019"|"2019"|100540|"p"|"dato provvisorio"
"ITF52"|"Matera"|"JAN"|"popolazione al 1º gennaio"|"9"|"totale"|"TOTAL"|"totale"|"99"|"totale"|"2019"|"2019"|197909|"p"|"dato provvisorio"
"ITF6"|"Calabria"|"JAN"|"popolazione al 1º gennaio"|"1"|"maschi"|"TOTAL"|"totale"|"99"|"totale"|"2019"|"2019"|955673|"p"|"dato provvisorio"
"ITF6"|"Calabria"|"JAN"|"popolazione al 1º gennaio"|"2"|"femmine"|"TOTAL"|"totale"|"99"|"totale"|"2019"|"2019"|991458|"p"|"dato provvisorio"
"ITF6"|"Calabria"|"JAN"|"popolazione al 1º gennaio"|"9"|"totale"|"TOTAL"|"totale"|"99"|"totale"|"2019"|"2019"|1947131|"p"|"dato provvisorio"
"ITF61"|"Cosenza"|"JAN"|"popolazione al 1º gennaio"|"1"|"maschi"|"TOTAL"|"totale"|"99"|"totale"|"2019"|"2019"|345701|"p"|"dato provvisorio"
"ITF61"|"Cosenza"|"JAN"|"popolazione al 1º gennaio"|"2"|"femmine"|"TOTAL"|"totale"|"99"|"totale"|"2019"|"2019"|360052|"p"|"dato provvisorio"
"ITF61"|"Cosenza"|"JAN"|"popolazione al 1º gennaio"|"9"|"totale"|"TOTAL"|"totale"|"99"|"totale"|"2019"|"2019"|705753|"p"|"dato provvisorio"
"ITF62"|"Crotone"|"JAN"|"popolazione al 1º gennaio"|"1"|"maschi"|"TOTAL"|"totale"|"99"|"totale"|"2019"|"2019"|88397|"p"|"dato provvisorio"
"ITF62"|"Crotone"|"JAN"|"popolazione al 1º gennaio"|"2"|"femmine"|"TOTAL"|"totale"|"99"|"totale"|"2019"|"2019"|86583|"p"|"dato provvisorio"
"ITF62"|"Crotone"|"JAN"|"popolazione al 1º gennaio"|"9"|"totale"|"TOTAL"|"totale"|"99"|"totale"|"2019"|"2019"|174980|"p"|"dato provvisorio"
"ITF63"|"Catanzaro"|"JAN"|"popolazione al 1º gennaio"|"1"|"maschi"|"TOTAL"|"totale"|"99"|"totale"|"2019"|"2019"|174797|"p"|"dato provvisorio"
"ITF63"|"Catanzaro"|"JAN"|"popolazione al 1º gennaio"|"2"|"femmine"|"TOTAL"|"totale"|"99"|"totale"|"2019"|"2019"|183519|"p"|"dato provvisorio"
"ITF63"|"Catanzaro"|"JAN"|"popolazione al 1º gennaio"|"9"|"totale"|"TOTAL"|"totale"|"99"|"totale"|"2019"|"2019"|358316|"p"|"dato provvisorio"
"ITF64"|"Vibo Valentia"|"JAN"|"popolazione al 1º gennaio"|"1"|"maschi"|"TOTAL"|"totale"|"99"|"totale"|"2019"|"2019"|79350|"p"|"dato provvisorio"
"ITF64"|"Vibo Valentia"|"JAN"|"popolazione al 1º gennaio"|"2"|"femmine"|"TOTAL"|"totale"|"99"|"totale"|"2019"|"2019"|80723|"p"|"dato provvisorio"
"ITF64"|"Vibo Valentia"|"JAN"|"popolazione al 1º gennaio"|"9"|"totale"|"TOTAL"|"totale"|"99"|"totale"|"2019"|"2019"|160073|"p"|"dato provvisorio"
"ITF65"|"Reggio di Calabria"|"JAN"|"popolazione al 1º gennaio"|"1"|"maschi"|"TOTAL"|"totale"|"99"|"totale"|"2019"|"2019"|267428|"p"|"dato provvisorio"
"ITF65"|"Reggio di Calabria"|"JAN"|"popolazione al 1º gennaio"|"2"|"femmine"|"TOTAL"|"totale"|"99"|"totale"|"2019"|"2019"|280581|"p"|"dato provvisorio"
"ITF65"|"Reggio di Calabria"|"JAN"|"popolazione al 1º gennaio"|"9"|"totale"|"TOTAL"|"totale"|"99"|"totale"|"2019"|"2019"|548009|"p"|"dato provvisorio"
"ITG"|"Isole"|"JAN"|"popolazione al 1º gennaio"|"1"|"maschi"|"TOTAL"|"totale"|"99"|"totale"|"2019"|"2019"|3238351|"p"|"dato provvisorio"
"ITG"|"Isole"|"JAN"|"popolazione al 1º gennaio"|"2"|"femmine"|"TOTAL"|"totale"|"99"|"totale"|"2019"|"2019"|3401131|"p"|"dato provvisorio"
"ITG"|"Isole"|"JAN"|"popolazione al 1º gennaio"|"9"|"totale"|"TOTAL"|"totale"|"99"|"totale"|"2019"|"2019"|6639482|"p"|"dato provvisorio"
"ITG1"|"Sicilia"|"JAN"|"popolazione al 1º gennaio"|"1"|"maschi"|"TOTAL"|"totale"|"99"|"totale"|"2019"|"2019"|2432589|"p"|"dato provvisorio"
"ITG1"|"Sicilia"|"JAN"|"popolazione al 1º gennaio"|"2"|"femmine"|"TOTAL"|"totale"|"99"|"totale"|"2019"|"2019"|2567302|"p"|"dato provvisorio"
"ITG1"|"Sicilia"|"JAN"|"popolazione al 1º gennaio"|"9"|"totale"|"TOTAL"|"totale"|"99"|"totale"|"2019"|"2019"|4999891|"p"|"dato provvisorio"
"ITG11"|"Trapani"|"JAN"|"popolazione al 1º gennaio"|"1"|"maschi"|"TOTAL"|"totale"|"99"|"totale"|"2019"|"2019"|211304|"p"|"dato provvisorio"
"ITG11"|"Trapani"|"JAN"|"popolazione al 1º gennaio"|"2"|"femmine"|"TOTAL"|"totale"|"99"|"totale"|"2019"|"2019"|219188|"p"|"dato provvisorio"
"ITG11"|"Trapani"|"JAN"|"popolazione al 1º gennaio"|"9"|"totale"|"TOTAL"|"totale"|"99"|"totale"|"2019"|"2019"|430492|"p"|"dato provvisorio"
"ITG12"|"Palermo"|"JAN"|"popolazione al 1º gennaio"|"1"|"maschi"|"TOTAL"|"totale"|"99"|"totale"|"2019"|"2019"|605997|"p"|"dato provvisorio"
"ITG12"|"Palermo"|"JAN"|"popolazione al 1º gennaio"|"2"|"femmine"|"TOTAL"|"totale"|"99"|"totale"|"2019"|"2019"|646591|"p"|"dato provvisorio"
"ITG12"|"Palermo"|"JAN"|"popolazione al 1º gennaio"|"9"|"totale"|"TOTAL"|"totale"|"99"|"totale"|"2019"|"2019"|1252588|"p"|"dato provvisorio"
"ITG13"|"Messina"|"JAN"|"popolazione al 1º gennaio"|"1"|"maschi"|"TOTAL"|"totale"|"99"|"totale"|"2019"|"2019"|302546|"p"|"dato provvisorio"
"ITG13"|"Messina"|"JAN"|"popolazione al 1º gennaio"|"2"|"femmine"|"TOTAL"|"totale"|"99"|"totale"|"2019"|"2019"|324330|"p"|"dato provvisorio"
"ITG13"|"Messina"|"JAN"|"popolazione al 1º gennaio"|"9"|"totale"|"TOTAL"|"totale"|"99"|"totale"|"2019"|"2019"|626876|"p"|"dato provvisorio"
"ITG14"|"Agrigento"|"JAN"|"popolazione al 1º gennaio"|"1"|"maschi"|"TOTAL"|"totale"|"99"|"totale"|"2019"|"2019"|211710|"p"|"dato provvisorio"
"ITG14"|"Agrigento"|"JAN"|"popolazione al 1º gennaio"|"2"|"femmine"|"TOTAL"|"totale"|"99"|"totale"|"2019"|"2019"|223160|"p"|"dato provvisorio"
"ITG15"|"Caltanissetta"|"JAN"|"popolazione al 1º gennaio"|"1"|"maschi"|"TOTAL"|"totale"|"99"|"totale"|"2019"|"2019"|126891|"p"|"dato provvisorio"
"ITG15"|"Caltanissetta"|"JAN"|"popolazione al 1º gennaio"|"2"|"femmine"|"TOTAL"|"totale"|"99"|"totale"|"2019"|"2019"|135567|"p"|"dato provvisorio"
"ITG15"|"Caltanissetta"|"JAN"|"popolazione al 1º gennaio"|"9"|"totale"|"TOTAL"|"totale"|"99"|"totale"|"2019"|"2019"|262458|"p"|"dato provvisorio"
"ITG16"|"Enna"|"JAN"|"popolazione al 1º gennaio"|"1"|"maschi"|"TOTAL"|"totale"|"99"|"totale"|"2019"|"2019"|79853|"p"|"dato provvisorio"
"ITG16"|"Enna"|"JAN"|"popolazione al 1º gennaio"|"9"|"totale"|"TOTAL"|"totale"|"99"|"totale"|"2019"|"2019"|164788|"p"|"dato provvisorio"
"ITG17"|"Catania"|"JAN"|"popolazione al 1º gennaio"|"1"|"maschi"|"TOTAL"|"totale"|"99"|"totale"|"2019"|"2019"|538402|"p"|"dato provvisorio"
"ITG17"|"Catania"|"JAN"|"popolazione al 1º gennaio"|"2"|"femmine"|"TOTAL"|"totale"|"99"|"totale"|"2019"|"2019"|569300|"p"|"dato provvisorio"
"ITG17"|"Catania"|"JAN"|"popolazione al 1º gennaio"|"9"|"totale"|"TOTAL"|"totale"|"99"|"totale"|"2019"|"2019"|1107702|"p"|"dato provvisorio"
"ITG18"|"Ragusa"|"JAN"|"popolazione al 1º gennaio"|"2"|"femmine"|"TOTAL"|"totale"|"99"|"totale"|"2019"|"2019"|161878|"p"|"dato provvisorio"
"ITG18"|"Ragusa"|"JAN"|"popolazione al 1º gennaio"|"9"|"totale"|"TOTAL"|"totale"|"99"|"totale"|"2019"|"2019"|320893|"p"|"dato provvisorio"
"ITG19"|"Siracusa"|"JAN"|"popolazione al 1º gennaio"|"1"|"maschi"|"TOTAL"|"totale"|"99"|"totale"|"2019"|"2019"|196871|"p"|"dato provvisorio"
"ITG19"|"Siracusa"|"JAN"|"popolazione al 1º gennaio"|"2"|"femmine"|"TOTAL"|"totale"|"99"|"totale"|"2019"|"2019"|202353|"p"|"dato provvisorio"
"ITG2"|"Sardegna"|"JAN"|"popolazione al 1º gennaio"|"1"|"maschi"|"TOTAL"|"totale"|"99"|"totale"|"2019"|"2019"|805762|"p"|"dato provvisorio"
"ITG2"|"Sardegna"|"JAN"|"popolazione al 1º gennaio"|"2"|"femmine"|"TOTAL"|"totale"|"99"|"totale"|"2019"|"2019"|833829|"p"|"dato provvisorio"
"ITG2"|"Sardegna"|"JAN"|"popolazione al 1º gennaio"|"9"|"totale"|"TOTAL"|"totale"|"99"|"totale"|"2019"|"2019"|1639591|"p"|"dato provvisorio"
"ITG25"|"Sassari"|"JAN"|"popolazione al 1º gennaio"|"1"|"maschi"|"TOTAL"|"totale"|"99"|"totale"|"2019"|"2019"|242322|"p"|"dato provvisorio"
"ITG25"|"Sassari"|"JAN"|"popolazione al 1º gennaio"|"9"|"totale"|"TOTAL"|"totale"|"99"|"totale"|"2019"|"2019"|491571|"p"|"dato provvisorio"
"ITG26"|"Nuoro"|"JAN"|"popolazione al 1º gennaio"|"1"|"maschi"|"TOTAL"|"totale"|"99"|"totale"|"2019"|"2019"|102780|"p"|"dato provvisorio"
"ITG26"|"Nuoro"|"JAN"|"popolazione al 1º gennaio"|"2"|"femmine"|"TOTAL"|"totale"|"99"|"totale"|"2019"|"2019"|105770|"p"|"dato provvisorio"
"ITG26"|"Nuoro"|"JAN"|"popolazione al 1º gennaio"|"9"|"totale"|"TOTAL"|"totale"|"99"|"totale"|"2019"|"2019"|208550|"p"|"dato provvisorio"
"ITG27"|"Cagliari"|"JAN"|"popolazione al 1º gennaio"|"2"|"femmine"|"TOTAL"|"totale"|"99"|"totale"|"2019"|"2019"|222171|"p"|"dato provvisorio"
"ITG27"|"Cagliari"|"JAN"|"popolazione al 1º gennaio"|"9"|"totale"|"TOTAL"|"totale"|"99"|"totale"|"2019"|"2019"|431038|"p"|"dato provvisorio"
"ITG28"|"Oristano"|"JAN"|"popolazione al 1º gennaio"|"1"|"maschi"|"TOTAL"|"totale"|"99"|"totale"|"2019"|"2019"|77731|"p"|"dato provvisorio"
"ITG28"|"Oristano"|"JAN"|"popolazione al 1º gennaio"|"2"|"femmine"|"TOTAL"|"totale"|"99"|"totale"|"2019"|"2019"|79976|"p"|"dato provvisorio"
"IT108"|"Monza e della Brianza"|"JAN"|"popolazione al 1º gennaio"|"2"|"femmine"|"TOTAL"|"totale"|"99"|"totale"|"2019"|"2019"|445670|"p"|"dato provvisorio"
"IT109"|"Fermo"|"JAN"|"popolazione al 1º gennaio"|"2"|"femmine"|"TOTAL"|"totale"|"99"|"totale"|"2019"|"2019"|89011|"p"|"dato provvisorio"
"IT109"|"Fermo"|"JAN"|"popolazione al 1º gennaio"|"9"|"totale"|"TOTAL"|"totale"|"99"|"totale"|"2019"|"2019"|173800|"p"|"dato provvisorio"
"IT110"|"Barletta-Andria-Trani"|"JAN"|"popolazione al 1º gennaio"|"1"|"maschi"|"TOTAL"|"totale"|"99"|"totale"|"2019"|"2019"|192772|"p"|"dato provvisorio"
"IT110"|"Barletta-Andria-Trani"|"JAN"|"popolazione al 1º gennaio"|"9"|"totale"|"TOTAL"|"totale"|"99"|"totale"|"2019"|"2019"|390011|"p"|"dato provvisorio"
"ITG14"|"Agrigento"|"JAN"|"popolazione al 1º gennaio"|"9"|"totale"|"TOTAL"|"totale"|"99"|"totale"|"2019"|"2019"|434870|"p"|"dato provvisorio"
"ITG16"|"Enna"|"JAN"|"popolazione al 1º gennaio"|"2"|"femmine"|"TOTAL"|"totale"|"99"|"totale"|"2019"|"2019"|84935|"p"|"dato provvisorio"
"ITG18"|"Ragusa"|"JAN"|"popolazione al 1º gennaio"|"1"|"maschi"|"TOTAL"|"totale"|"99"|"totale"|"2019"|"2019"|159015|"p"|"dato provvisorio"
"ITG19"|"Siracusa"|"JAN"|"popolazione al 1º gennaio"|"9"|"totale"|"TOTAL"|"totale"|"99"|"totale"|"2019"|"2019"|399224|"p"|"dato provvisorio"
"ITG25"|"Sassari"|"JAN"|"popolazione al 1º gennaio"|"2"|"femmine"|"TOTAL"|"totale"|"99"|"totale"|"2019"|"2019"|249249|"p"|"dato provvisorio"
"ITG27"|"Cagliari"|"JAN"|"popolazione al 1º gennaio"|"1"|"maschi"|"TOTAL"|"totale"|"99"|"totale"|"2019"|"2019"|208867|"p"|"dato provvisorio"
"ITG28"|"Oristano"|"JAN"|"popolazione al 1º gennaio"|"9"|"totale"|"TOTAL"|"totale"|"99"|"totale"|"2019"|"2019"|157707|"p"|"dato provvisorio"
"IT108"|"Monza e della Brianza"|"JAN"|"popolazione al 1º gennaio"|"1"|"maschi"|"TOTAL"|"totale"|"99"|"totale"|"2019"|"2019"|428265|"p"|"dato provvisorio"
"IT108"|"Monza e della Brianza"|"JAN"|"popolazione al 1º gennaio"|"9"|"totale"|"TOTAL"|"totale"|"99"|"totale"|"2019"|"2019"|873935|"p"|"dato provvisorio"
"IT109"|"Fermo"|"JAN"|"popolazione al 1º gennaio"|"1"|"maschi"|"TOTAL"|"totale"|"99"|"totale"|"2019"|"2019"|84789|"p"|"dato provvisorio"
"IT110"|"Barletta-Andria-Trani"|"JAN"|"popolazione al 1º gennaio"|"2"|"femmine"|"TOTAL"|"totale"|"99"|"totale"|"2019"|"2019"|197239|"p"|"dato provvisorio"
"IT111"|"Sud Sardegna"|"JAN"|"popolazione al 1º gennaio"|"9"|"totale"|"TOTAL"|"totale"|"99"|"totale"|"2019"|"2019"|350725|"p"|"dato provvisorio"
"IT111"|"Sud Sardegna"|"JAN"|"popolazione al 1º gennaio"|"2"|"femmine"|"TOTAL"|"totale"|"99"|"totale"|"2019"|"2019"|176663|"p"|"dato provvisorio"
"IT111"|"Sud Sardegna"|"JAN"|"popolazione al 1º gennaio"|"1"|"maschi"|"TOTAL"|"totale"|"99"|"totale"|"2019"|"2019"|174062|"p"|"dato provvisorio"
